cms_code_enc,window_end,y_churn_t_plus_2,churn_probability,predicted_churn,priority_rank
T0000955,2608,1,0.994,1,1
T0000411,2608,1,0.9931,1,2
T0001114,2608,1,0.9922,1,3
T0000114,2608,1,0.9918,1,4
T0000901,2608,1,0.9917,1,5
T0000666,2608,1,0.9915,1,6
T0000608,2608,1,0.9914,1,7
T0001312,2608,1,0.9908,1,8
T0000878,2608,1,0.9905,1,9
T0001239,2608,1,0.9903,1,10
T0000460,2608,1,0.9901,1,11
T0000068,2608,1,0.9894,1,12
T0000245,2608,1,0.9889,1,13
T0000862,2608,1,0.9887,1,14
T0000969,2608,1,0.9887,1,15
T0001030,2608,0,0.9885,1,16
T0000745,2608,1,0.9883,1,17
T0000843,2608,1,0.9879,1,18
T0001290,2608,1,0.9873,1,19
T0000706,2608,1,0.9868,1,20
T0000269,2608,1,0.9865,1,21
T0001307,2608,1,0.9861,1,22
T0000720,2608,1,0.9857,1,23
T0001044,2608,1,0.9857,1,24
T0000965,2608,1,0.9854,1,25
T0000491,2608,0,0.9854,1,26
T0000226,2608,0,0.9852,1,27
T0001131,2608,1,0.9849,1,28
T0000959,2608,1,0.9849,1,29
T0000541,2608,1,0.9844,1,30
T0000857,2608,1,0.9839,1,31
T0000450,2608,1,0.9837,1,32
T0000957,2608,1,0.9836,1,33
T0000674,2608,1,0.9835,1,34
T0000992,2608,1,0.982,1,35
T0001001,2608,0,0.9812,1,36
T0001253,2608,1,0.981,1,37
T0001233,2608,0,0.9808,1,38
T0000441,2608,1,0.9807,1,39
T0000481,2608,1,0.9805,1,40
T0000302,2608,1,0.9797,1,41
T0000401,2608,1,0.9796,1,42
T0000219,2608,1,0.9791,1,43
T0000813,2608,1,0.979,1,44
T0000192,2608,1,0.9789,1,45
T0001146,2608,1,0.9783,1,46
T0001244,2608,1,0.9779,1,47
T0000157,2608,1,0.9777,1,48
T0000742,2608,1,0.9774,1,49
T0000251,2608,1,0.9771,1,50
T0000790,2608,1,0.9771,1,51
T0001221,2608,1,0.977,1,52
T0001225,2608,1,0.9769,1,53
T0000227,2608,1,0.9764,1,54
T0000092,2608,1,0.9761,1,55
T0000515,2608,0,0.976,1,56
T0000380,2608,1,0.9749,1,57
T0001306,2608,1,0.9744,1,58
T0000035,2608,1,0.9743,1,59
T0001104,2608,1,0.9742,1,60
T0000211,2608,1,0.9737,1,61
T0001189,2608,1,0.9736,1,62
T0001389,2608,1,0.9735,1,63
T0001364,2608,1,0.9734,1,64
T0000061,2608,0,0.9733,1,65
T0000780,2608,1,0.973,1,66
T0000840,2608,1,0.973,1,67
T0000573,2608,1,0.9725,1,68
T0000892,2608,1,0.9723,1,69
T0000983,2608,1,0.9723,1,70
T0000277,2608,1,0.9722,1,71
T0000478,2608,1,0.9708,1,72
T0000675,2608,1,0.9704,1,73
T0000001,2608,1,0.9696,1,74
T0001193,2608,1,0.9694,1,75
T0000342,2608,1,0.969,1,76
T0001263,2608,1,0.969,1,77
T0001005,2608,1,0.9671,1,78
T0000886,2608,1,0.9671,1,79
T0000196,2608,1,0.9664,1,80
T0000521,2608,0,0.9663,1,81
T0000832,2608,0,0.965,1,82
T0001355,2608,1,0.9648,1,83
T0000272,2608,1,0.9643,1,84
T0001269,2608,1,0.9639,1,85
T0000163,2608,1,0.9636,1,86
T0001251,2608,1,0.9635,1,87
T0000474,2608,1,0.9631,1,88
T0000738,2608,1,0.9621,1,89
T0000944,2608,0,0.9616,1,90
T0000321,2608,1,0.9615,1,91
T0000345,2608,1,0.9608,1,92
T0000740,2608,0,0.9602,1,93
T0000496,2608,1,0.9597,1,94
T0000461,2608,1,0.9588,1,95
T0000416,2608,1,0.9562,1,96
T0001031,2608,1,0.9557,1,97
T0001132,2608,1,0.955,1,98
T0000140,2608,1,0.9525,1,99
T0000409,2608,0,0.9525,1,100
T0000524,2608,1,0.952,1,101
T0000743,2608,0,0.9517,1,102
T0001022,2608,1,0.9476,1,103
T0001285,2608,0,0.9472,1,104
T0000888,2608,1,0.9467,1,105
T0000578,2608,1,0.946,1,106
T0000802,2608,1,0.9446,1,107
T0000318,2608,1,0.9441,1,108
T0000633,2608,1,0.9424,1,109
T0000031,2608,0,0.942,1,110
T0000222,2608,1,0.9413,1,111
T0000368,2608,1,0.9397,1,112
T0001200,2608,1,0.9393,1,113
T0000548,2608,1,0.9383,1,114
T0001360,2608,1,0.9376,1,115
T0000985,2608,1,0.9372,1,116
T0000252,2608,1,0.936,1,117
T0001126,2608,1,0.9351,1,118
T0001065,2608,1,0.9344,1,119
T0001187,2608,1,0.9333,1,120
T0000391,2608,1,0.9327,1,121
T0000844,2608,1,0.9274,1,122
T0000423,2608,1,0.9269,1,123
T0000160,2608,1,0.9267,1,124
T0000890,2608,1,0.926,1,125
T0000181,2608,1,0.9225,1,126
T0001210,2608,1,0.922,1,127
T0001287,2608,1,0.9204,1,128
T0000419,2608,1,0.9204,1,129
T0000306,2608,1,0.9182,1,130
T0001374,2608,0,0.9168,1,131
T0000605,2608,0,0.9168,1,132
T0000097,2608,1,0.9161,1,133
T0000218,2608,1,0.9161,1,134
T0000077,2608,1,0.916,1,135
T0000390,2608,1,0.916,1,136
T0001268,2608,1,0.9158,1,137
T0001053,2608,1,0.9157,1,138
T0000916,2608,1,0.9141,1,139
T0000403,2608,1,0.9114,1,140
T0001393,2608,1,0.9109,1,141
T0000884,2608,1,0.9105,1,142
T0000552,2608,0,0.9096,1,143
T0001296,2608,1,0.9095,1,144
T0000829,2608,0,0.9066,1,145
T0000958,2608,1,0.9054,1,146
T0000489,2608,1,0.9032,1,147
T0001195,2608,1,0.9011,1,148
T0000544,2608,0,0.9005,1,149
T0000120,2608,1,0.8966,1,150
T0001145,2608,0,0.8943,1,151
T0000997,2608,0,0.8908,1,152
T0001273,2608,0,0.8905,1,153
T0001223,2608,1,0.8901,1,154
T0001203,2608,0,0.8876,1,155
T0000142,2608,1,0.8862,1,156
T0000654,2608,1,0.8852,1,157
T0001092,2608,0,0.8837,1,158
T0000565,2608,1,0.882,1,159
T0000502,2608,0,0.8802,1,160
T0001179,2608,0,0.8761,1,161
T0000234,2608,0,0.8752,1,162
T0000431,2608,1,0.8748,1,163
T0000139,2608,0,0.8737,1,164
T0000952,2608,1,0.8727,1,165
T0000885,2608,1,0.8704,1,166
T0000005,2608,1,0.8702,1,167
T0001183,2608,0,0.8702,1,168
T0001119,2608,1,0.8695,1,169
T0000152,2608,1,0.868,1,170
T0000939,2608,1,0.8661,1,171
T0001249,2608,0,0.8643,1,172
T0001385,2608,1,0.8642,1,173
T0000971,2608,1,0.8634,1,174
T0001055,2608,1,0.8614,1,175
T0000721,2608,0,0.8609,1,176
T0001323,2608,1,0.8569,1,177
T0001368,2608,1,0.8552,1,178
T0000773,2608,1,0.8509,1,179
T0000414,2608,0,0.8497,1,180
T0001192,2608,0,0.8487,1,181
T0001367,2608,1,0.845,1,182
T0000606,2608,1,0.8449,1,183
T0000494,2608,1,0.8437,1,184
T0000716,2608,1,0.8416,1,185
T0000102,2608,0,0.8402,1,186
T0000914,2608,1,0.8374,1,187
T0000242,2608,0,0.8349,1,188
T0000168,2608,0,0.8299,1,189
T0000977,2608,1,0.8277,1,190
T0000667,2608,1,0.8272,1,191
T0000191,2608,1,0.8237,1,192
T0000528,2608,0,0.8202,1,193
T0000776,2608,1,0.8199,1,194
T0000065,2608,1,0.809,1,195
T0000185,2608,1,0.8074,1,196
T0000126,2608,1,0.8069,1,197
T0000024,2608,0,0.805,1,198
T0000448,2608,1,0.8037,1,199
T0001242,2608,0,0.8028,1,200
T0000755,2608,0,0.8028,1,201
T0000256,2608,1,0.8015,1,202
T0000429,2608,1,0.7908,1,203
T0001034,2608,1,0.7884,1,204
T0001116,2608,1,0.7882,1,205
T0000070,2608,0,0.7877,1,206
T0000372,2608,0,0.7866,1,207
T0000175,2608,1,0.7855,1,208
T0000994,2608,0,0.7853,1,209
T0001298,2608,1,0.7803,1,210
T0000685,2608,1,0.7793,1,211
T0000726,2608,1,0.7788,1,212
T0000055,2608,1,0.7785,1,213
T0000566,2608,1,0.7752,1,214
T0000110,2608,1,0.7732,1,215
T0000728,2608,1,0.7707,1,216
T0000506,2608,0,0.7693,1,217
T0001332,2608,1,0.7671,1,218
T0000902,2608,1,0.766,1,219
T0001036,2608,0,0.766,1,220
T0000004,2608,1,0.7651,1,221
T0000146,2608,0,0.7638,1,222
T0000695,2608,0,0.7635,1,223
T0000244,2608,0,0.7634,1,224
T0000917,2608,0,0.7572,1,225
T0000178,2608,1,0.7562,1,226
T0000784,2608,1,0.7558,1,227
T0000090,2608,0,0.7549,1,228
T0000847,2608,0,0.7515,1,229
T0000087,2608,0,0.7515,1,230
T0001278,2608,0,0.749,1,231
T0001096,2608,0,0.7463,1,232
T0000820,2608,0,0.7432,1,233
T0000744,2608,0,0.7385,1,234
T0001365,2608,1,0.7368,1,235
T0000648,2608,1,0.7368,1,236
T0000793,2608,1,0.7348,1,237
T0001008,2608,1,0.7247,1,238
T0001372,2608,0,0.719,1,239
T0000500,2608,1,0.7139,1,240
T0000383,2608,0,0.7122,1,241
T0000909,2608,0,0.7092,1,242
T0000053,2608,1,0.7063,1,243
T0000228,2608,1,0.7061,1,244
T0001398,2608,1,0.7033,1,245
T0000508,2608,1,0.6932,1,246
T0000686,2608,1,0.69,1,247
T0000604,2608,1,0.6876,1,248
T0000083,2608,0,0.6859,1,249
T0000976,2608,1,0.6842,1,250
T0000731,2608,0,0.6823,1,251
T0000497,2608,0,0.6796,1,252
T0000912,2608,0,0.6759,1,253
T0000396,2608,1,0.6735,1,254
T0000796,2608,0,0.6689,1,255
T0000100,2608,1,0.6662,1,256
T0001246,2608,0,0.6642,1,257
T0000951,2608,1,0.6614,1,258
T0000198,2608,1,0.66,1,259
T0000239,2608,1,0.6527,1,260
T0000130,2608,0,0.6516,1,261
T0001262,2608,0,0.6466,1,262
T0000810,2608,0,0.6451,1,263
T0000760,2608,1,0.6436,1,264
T0000279,2608,1,0.6433,1,265
T0001051,2608,0,0.6428,1,266
T0000041,2608,1,0.642,1,267
T0001252,2608,1,0.6414,1,268
T0000297,2608,0,0.6402,1,269
T0000534,2608,1,0.6393,1,270
T0000576,2608,1,0.636,1,271
T0000920,2608,1,0.6274,1,272
T0000476,2608,0,0.6209,1,273
T0000022,2608,1,0.6205,1,274
T0000880,2608,1,0.6192,1,275
T0001383,2608,1,0.619,1,276
T0001171,2608,1,0.617,1,277
T0001089,2608,1,0.6163,1,278
T0000059,2608,0,0.612,1,279
T0000485,2608,1,0.6047,1,280
T0000848,2608,1,0.6026,1,281
T0000418,2608,1,0.6002,1,282
T0001330,2608,1,0.5992,1,283
T0000488,2608,0,0.5974,1,284
T0000325,2608,0,0.5951,1,285
T0000347,2608,0,0.5941,1,286
T0001235,2608,0,0.5928,1,287
T0000284,2608,0,0.5876,1,288
T0000611,2608,1,0.5864,1,289
T0001067,2608,0,0.5845,1,290
T0000121,2608,1,0.5841,1,291
T0000658,2608,0,0.5826,1,292
T0001260,2608,1,0.5773,1,293
T0000119,2608,1,0.5758,1,294
T0001028,2608,0,0.5737,1,295
T0001317,2608,0,0.573,1,296
T0000134,2608,0,0.5716,1,297
T0001321,2608,1,0.5638,1,298
T0000644,2608,0,0.5625,1,299
T0001351,2608,1,0.5611,1,300
T0000122,2608,0,0.5599,1,301
T0000620,2608,0,0.5589,1,302
T0000671,2608,1,0.5582,1,303
T0001153,2608,1,0.5557,1,304
T0000128,2608,0,0.5501,1,305
T0001371,2608,0,0.5448,1,306
T0000967,2608,1,0.5446,1,307
T0000752,2608,1,0.5393,1,308
T0001128,2608,0,0.5389,1,309
T0001169,2608,1,0.53,1,310
T0001057,2608,1,0.5279,1,311
T0001021,2608,1,0.5274,1,312
T0000283,2608,0,0.5228,1,313
T0000694,2608,0,0.5221,1,314
T0001302,2608,0,0.5183,1,315
T0000328,2608,0,0.518,1,316
T0001297,2608,1,0.517,1,317
T0000008,2608,0,0.5132,1,318
T0001012,2608,0,0.5085,1,319
T0000704,2608,1,0.5075,1,320
T0000094,2608,1,0.5042,1,321
T0000042,2608,0,0.5008,1,322
T0000870,2608,1,0.5007,1,323
T0000075,2608,1,0.5003,1,324
T0000428,2608,0,0.4949,1,325
T0000327,2608,0,0.4947,1,326
T0000764,2608,0,0.4941,1,327
T0001056,2608,1,0.4912,1,328
T0000072,2608,0,0.4894,1,329
T0001397,2608,0,0.4889,1,330
T0001088,2608,1,0.4884,1,331
T0001144,2608,1,0.479,1,332
T0001300,2608,1,0.4789,1,333
T0001064,2608,0,0.4701,1,334
T0000572,2608,0,0.4692,1,335
T0000763,2608,0,0.4689,1,336
T0001304,2608,0,0.4659,1,337
T0001387,2608,0,0.4632,1,338
T0000696,2608,0,0.4632,1,339
T0000539,2608,0,0.462,1,340
T0001248,2608,1,0.4618,1,341
T0000025,2608,0,0.4608,1,342
T0000029,2608,0,0.4594,1,343
T0000026,2608,0,0.452,1,344
T0000623,2608,0,0.4514,1,345
T0000588,2608,1,0.4503,1,346
T0000392,2608,0,0.4502,1,347
T0000639,2608,0,0.4498,1,348
T0001325,2608,0,0.4494,1,349
T0000349,2608,0,0.4473,1,350
T0001170,2608,0,0.4453,1,351
T0000672,2608,1,0.4451,1,352
T0000023,2608,1,0.4442,1,353
T0000662,2608,0,0.4441,1,354
T0000751,2608,0,0.4422,1,355
T0000447,2608,0,0.439,1,356
T0000836,2608,0,0.4368,1,357
T0000348,2608,0,0.434,0,358
T0000601,2608,0,0.4339,0,359
T0000586,2608,0,0.4338,0,360
T0001212,2608,0,0.4332,0,361
T0001037,2608,0,0.4323,0,362
T0000337,2608,1,0.4296,0,363
T0000574,2608,0,0.4283,0,364
T0000402,2608,0,0.4269,0,365
T0000430,2608,0,0.4258,0,366
T0000499,2608,1,0.4224,0,367
T0000009,2608,1,0.4219,0,368
T0000469,2608,0,0.4197,0,369
T0000622,2608,0,0.4184,0,370
T0000220,2608,0,0.4114,0,371
T0001279,2608,1,0.4104,0,372
T0000804,2608,0,0.4089,0,373
T0000088,2608,0,0.4034,0,374
T0000333,2608,0,0.4013,0,375
T0000235,2608,1,0.4011,0,376
T0000113,2608,1,0.4007,0,377
T0000587,2608,0,0.3985,0,378
T0001190,2608,0,0.3971,0,379
T0000127,2608,1,0.3912,0,380
T0001134,2608,0,0.3845,0,381
T0000281,2608,0,0.3842,0,382
T0001256,2608,0,0.3819,0,383
T0000131,2608,0,0.3817,0,384
T0000150,2608,1,0.3813,0,385
T0001027,2608,1,0.3794,0,386
T0000599,2608,0,0.3772,0,387
T0000882,2608,1,0.377,0,388
T0000980,2608,0,0.3751,0,389
T0001284,2608,0,0.3664,0,390
T0001295,2608,0,0.363,0,391
T0001147,2608,0,0.3555,0,392
T0001122,2608,0,0.3554,0,393
T0001346,2608,0,0.3553,0,394
T0001058,2608,0,0.3549,0,395
T0001082,2608,1,0.3537,0,396
T0000378,2608,1,0.3518,0,397
T0000928,2608,0,0.3505,0,398
T0000757,2608,1,0.3433,0,399
T0000343,2608,0,0.3411,0,400
T0000915,2608,1,0.3365,0,401
T0000096,2608,1,0.3361,0,402
T0000687,2608,0,0.3341,0,403
T0000293,2608,0,0.3338,0,404
T0001377,2608,1,0.33,0,405
T0000905,2608,0,0.3292,0,406
T0000203,2608,0,0.3279,0,407
T0001059,2608,0,0.3275,0,408
T0000301,2608,0,0.3263,0,409
T0000287,2608,0,0.3259,0,410
T0000932,2608,0,0.3226,0,411
T0000875,2608,0,0.3209,0,412
T0001016,2608,0,0.3187,0,413
T0000483,2608,0,0.3184,0,414
T0000845,2608,1,0.3177,0,415
T0000691,2608,0,0.3176,0,416
T0000777,2608,0,0.3173,0,417
T0001174,2608,0,0.316,0,418
T0001196,2608,0,0.3159,0,419
T0000707,2608,0,0.3111,0,420
T0000282,2608,0,0.3099,0,421
T0000434,2608,0,0.3092,0,422
T0000787,2608,1,0.3021,0,423
T0000769,2608,1,0.3016,0,424
T0000626,2608,1,0.2959,0,425
T0000375,2608,0,0.2837,0,426
T0000451,2608,0,0.28,0,427
T0001333,2608,0,0.277,0,428
T0000013,2608,0,0.2759,0,429
T0001335,2608,0,0.2748,0,430
T0001275,2608,0,0.2747,0,431
T0000937,2608,0,0.2721,0,432
T0000397,2608,0,0.2719,0,433
T0001111,2608,0,0.2695,0,434
T0000148,2608,0,0.2686,0,435
T0000010,2608,0,0.2667,0,436
T0000058,2608,0,0.2666,0,437
T0000887,2608,0,0.2653,0,438
T0001308,2608,0,0.2626,0,439
T0001370,2608,1,0.262,0,440
T0001236,2608,0,0.26,0,441
T0000107,2608,0,0.2579,0,442
T0000989,2608,0,0.2558,0,443
T0000165,2608,1,0.2526,0,444
T0000981,2608,1,0.2523,0,445
T0000670,2608,0,0.2515,0,446
T0000785,2608,0,0.2508,0,447
T0000184,2608,0,0.2477,0,448
T0001066,2608,0,0.247,0,449
T0000479,2608,0,0.2441,0,450
T0001042,2608,0,0.244,0,451
T0000404,2608,0,0.243,0,452
T0000753,2608,0,0.2427,0,453
T0000454,2608,0,0.2407,0,454
T0000816,2608,0,0.2406,0,455
T0000037,2608,1,0.2401,0,456
T0001052,2608,0,0.2393,0,457
T0000922,2608,1,0.235,0,458
T0000614,2608,1,0.2323,0,459
T0000702,2608,0,0.2302,0,460
T0001018,2608,1,0.2298,0,461
T0000317,2608,0,0.2284,0,462
T0000792,2608,1,0.2272,0,463
T0001182,2608,0,0.225,0,464
T0000362,2608,0,0.2229,0,465
T0000636,2608,0,0.2207,0,466
T0000011,2608,0,0.2198,0,467
T0001074,2608,1,0.2183,0,468
T0000050,2608,0,0.2174,0,469
T0000289,2608,0,0.2164,0,470
T0000212,2608,0,0.2153,0,471
T0000170,2608,0,0.2143,0,472
T0000462,2608,0,0.2071,0,473
T0001301,2608,0,0.2052,0,474
T0000230,2608,0,0.2044,0,475
T0000071,2608,0,0.2032,0,476
T0000569,2608,0,0.2029,0,477
T0000298,2608,0,0.2028,0,478
T0001020,2608,0,0.2025,0,479
T0000557,2608,0,0.1991,0,480
T0000138,2608,0,0.1974,0,481
T0000264,2608,0,0.1967,0,482
T0001156,2608,0,0.1959,0,483
T0000422,2608,0,0.1956,0,484
T0001186,2608,1,0.1949,0,485
T0000085,2608,0,0.1944,0,486
T0000036,2608,0,0.193,0,487
T0000183,2608,0,0.1912,0,488
T0000898,2608,0,0.191,0,489
T0000435,2608,1,0.1902,0,490
T0000280,2608,0,0.1894,0,491
T0000783,2608,0,0.1889,0,492
T0000851,2608,0,0.1852,0,493
T0000400,2608,0,0.1851,0,494
T0001322,2608,0,0.1834,0,495
T0000199,2608,0,0.182,0,496
T0001386,2608,0,0.1805,0,497
T0000303,2608,0,0.1802,0,498
T0001314,2608,0,0.1799,0,499
T0000517,2608,0,0.1788,0,500
T0001341,2608,0,0.1783,0,501
T0000292,2608,0,0.1779,0,502
T0000809,2608,0,0.1775,0,503
T0000442,2608,0,0.1769,0,504
T0000931,2608,0,0.1763,0,505
T0001157,2608,0,0.1728,0,506
T0000182,2608,0,0.1718,0,507
T0000798,2608,0,0.1711,0,508
T0001094,2608,0,0.1706,0,509
T0000206,2608,0,0.1705,0,510
T0000618,2608,0,0.1704,0,511
T0001159,2608,1,0.1702,0,512
T0001336,2608,0,0.1694,0,513
T0000044,2608,1,0.169,0,514
T0001166,2608,0,0.1683,0,515
T0000472,2608,0,0.1678,0,516
T0000271,2608,0,0.1662,0,517
T0000514,2608,0,0.1614,0,518
T0000822,2608,0,0.1577,0,519
T0000492,2608,0,0.1576,0,520
T0000066,2608,0,0.1563,0,521
T0000060,2608,1,0.1561,0,522
T0001311,2608,1,0.1515,0,523
T0000953,2608,0,0.1478,0,524
T0000080,2608,0,0.1466,0,525
T0000225,2608,0,0.145,0,526
T0000352,2608,0,0.1449,0,527
T0000910,2608,0,0.1419,0,528
T0001259,2608,0,0.1417,0,529
T0000443,2608,0,0.1407,0,530
T0000132,2608,0,0.1395,0,531
T0000583,2608,1,0.1382,0,532
T0000562,2608,0,0.1344,0,533
T0000459,2608,0,0.1316,0,534
T0001013,2608,0,0.1302,0,535
T0000040,2608,0,0.1296,0,536
T0000942,2608,0,0.1295,0,537
T0001077,2608,1,0.1294,0,538
T0000990,2608,0,0.1293,0,539
T0000116,2608,0,0.1268,0,540
T0000257,2608,0,0.1266,0,541
T0000436,2608,0,0.1265,0,542
T0001334,2608,1,0.1253,0,543
T0000424,2608,0,0.125,0,544
T0000213,2608,0,0.125,0,545
T0000558,2608,0,0.1245,0,546
T0001344,2608,1,0.1242,0,547
T0001291,2608,0,0.1221,0,548
T0000112,2608,0,0.1211,0,549
T0000453,2608,0,0.1202,0,550
T0000381,2608,1,0.1201,0,551
T0001075,2608,0,0.12,0,552
T0000377,2608,0,0.1191,0,553
T0001361,2608,0,0.1191,0,554
T0000354,2608,0,0.1189,0,555
T0001206,2608,1,0.1186,0,556
T0000700,2608,0,0.1178,0,557
T0000941,2608,0,0.1176,0,558
T0000893,2608,0,0.117,0,559
T0000316,2608,0,0.1163,0,560
T0000676,2608,1,0.1158,0,561
T0000106,2608,0,0.1145,0,562
T0000189,2608,0,0.112,0,563
T0001211,2608,0,0.1115,0,564
T0000656,2608,0,0.1114,0,565
T0000266,2608,0,0.1088,0,566
T0000765,2608,0,0.1081,0,567
T0000527,2608,1,0.1047,0,568
T0000598,2608,0,0.104,0,569
T0000530,2608,0,0.103,0,570
T0000800,2608,0,0.1028,0,571
T0000789,2608,0,0.1022,0,572
T0001117,2608,0,0.1022,0,573
T0000032,2608,0,0.0997,0,574
T0000661,2608,0,0.0976,0,575
T0000452,2608,0,0.0962,0,576
T0000525,2608,0,0.0958,0,577
T0000907,2608,0,0.0953,0,578
T0000647,2608,0,0.0952,0,579
T0000978,2608,0,0.0952,0,580
T0001155,2608,0,0.0941,0,581
T0000171,2608,0,0.0934,0,582
T0000581,2608,0,0.0922,0,583
T0000444,2608,0,0.0919,0,584
T0000299,2608,0,0.0911,0,585
T0000364,2608,0,0.091,0,586
T0000635,2608,0,0.0909,0,587
T0001286,2608,1,0.0868,0,588
T0000425,2608,0,0.0838,0,589
T0001214,2608,0,0.0829,0,590
T0000722,2608,0,0.0822,0,591
T0000815,2608,0,0.0821,0,592
T0000655,2608,0,0.0817,0,593
T0000017,2608,1,0.0814,0,594
T0001135,2608,0,0.0811,0,595
T0000927,2608,0,0.08,0,596
T0000693,2608,0,0.0799,0,597
T0000237,2608,0,0.0799,0,598
T0000510,2608,0,0.0793,0,599
T0001123,2608,0,0.0792,0,600
T0000000,2608,0,0.0779,0,601
T0000966,2608,0,0.074,0,602
T0000616,2608,1,0.0735,0,603
T0000938,2608,0,0.0728,0,604
T0001079,2608,0,0.0726,0,605
T0000038,2608,0,0.0707,0,606
T0001240,2608,0,0.0701,0,607
T0001033,2608,0,0.0699,0,608
T0000204,2608,0,0.0691,0,609
T0001363,2608,0,0.0689,0,610
T0001175,2608,0,0.0681,0,611
T0000714,2608,0,0.0679,0,612
T0000988,2608,0,0.0659,0,613
T0000681,2608,0,0.0658,0,614
T0000627,2608,0,0.0655,0,615
T0000824,2608,1,0.0651,0,616
T0001102,2608,0,0.0646,0,617
T0000568,2608,0,0.0639,0,618
T0000925,2608,0,0.0637,0,619
T0000399,2608,1,0.0636,0,620
T0000063,2608,0,0.0635,0,621
T0001384,2608,1,0.063,0,622
T0000872,2608,0,0.0629,0,623
T0000129,2608,0,0.0622,0,624
T0001081,2608,0,0.0622,0,625
T0000336,2608,0,0.0619,0,626
T0000073,2608,0,0.0616,0,627
T0000663,2608,0,0.0611,0,628
T0000876,2608,0,0.0609,0,629
T0000766,2608,0,0.0608,0,630
T0001340,2608,0,0.0605,0,631
T0001151,2608,1,0.0604,0,632
T0001168,2608,0,0.06,0,633
T0000987,2608,0,0.0595,0,634
T0000133,2608,0,0.0595,0,635
T0001140,2608,0,0.0586,0,636
T0000761,2608,0,0.0585,0,637
T0001356,2608,0,0.0566,0,638
T0000273,2608,0,0.0566,0,639
T0000984,2608,0,0.0565,0,640
T0000049,2608,1,0.0564,0,641
T0000078,2608,0,0.0558,0,642
T0001141,2608,0,0.0556,0,643
T0000637,2608,0,0.055,0,644
T0001201,2608,1,0.0546,0,645
T0001158,2608,0,0.0545,0,646
T0001375,2608,0,0.0542,0,647
T0000864,2608,0,0.054,0,648
T0000030,2608,0,0.0539,0,649
T0001164,2608,0,0.0538,0,650
T0000560,2608,0,0.0536,0,651
T0000918,2608,0,0.0532,0,652
T0001342,2608,0,0.0532,0,653
T0000825,2608,0,0.0511,0,654
T0000817,2608,0,0.0503,0,655
T0000169,2608,1,0.0502,0,656
T0000596,2608,0,0.0497,0,657
T0001023,2608,0,0.0494,0,658
T0000819,2608,0,0.0487,0,659
T0000357,2608,0,0.0483,0,660
T0000363,2608,0,0.048,0,661
T0000749,2608,0,0.0479,0,662
T0000149,2608,0,0.0476,0,663
T0000498,2608,0,0.0468,0,664
T0000818,2608,0,0.0466,0,665
T0000359,2608,1,0.0462,0,666
T0001010,2608,0,0.046,0,667
T0000867,2608,0,0.0459,0,668
T0000536,2608,0,0.0459,0,669
T0001357,2608,0,0.0454,0,670
T0000668,2608,0,0.0447,0,671
T0001046,2608,0,0.044,0,672
T0000145,2608,0,0.0437,0,673
T0001049,2608,0,0.0436,0,674
T0000201,2608,0,0.0435,0,675
T0000101,2608,0,0.0435,0,676
T0000516,2608,0,0.0435,0,677
T0000141,2608,0,0.0428,0,678
T0001015,2608,0,0.0419,0,679
T0001354,2608,0,0.0419,0,680
T0001019,2608,0,0.0416,0,681
T0000791,2608,0,0.0415,0,682
T0001106,2608,0,0.0415,0,683
T0000584,2608,0,0.041,0,684
T0000883,2608,0,0.0407,0,685
T0000202,2608,0,0.0402,0,686
T0000467,2608,0,0.0402,0,687
T0000246,2608,0,0.0393,0,688
T0000529,2608,0,0.0393,0,689
T0000999,2608,0,0.0382,0,690
T0000630,2608,0,0.0379,0,691
T0000103,2608,0,0.0376,0,692
T0000487,2608,0,0.0371,0,693
T0001234,2608,0,0.0371,0,694
T0000852,2608,0,0.0369,0,695
T0000332,2608,0,0.0369,0,696
T0000177,2608,0,0.0367,0,697
T0000470,2608,1,0.0366,0,698
T0000194,2608,0,0.0358,0,699
T0000319,2608,0,0.0357,0,700
T0000563,2608,0,0.0349,0,701
T0000449,2608,0,0.0343,0,702
T0000408,2608,0,0.0342,0,703
T0000949,2608,0,0.0341,0,704
T0001073,2608,0,0.0335,0,705
T0001282,2608,0,0.0334,0,706
T0000355,2608,0,0.0334,0,707
T0000387,2608,0,0.0333,0,708
T0000395,2608,0,0.0333,0,709
T0000006,2608,0,0.0331,0,710
T0000590,2608,0,0.033,0,711
T0001113,2608,0,0.033,0,712
T0000475,2608,0,0.033,0,713
T0000613,2608,1,0.0328,0,714
T0000597,2608,0,0.0326,0,715
T0001313,2608,0,0.0324,0,716
T0000161,2608,0,0.0323,0,717
T0000098,2608,0,0.032,0,718
T0000689,2608,0,0.032,0,719
T0000962,2608,0,0.0318,0,720
T0000564,2608,0,0.0317,0,721
T0000195,2608,0,0.0313,0,722
T0000812,2608,0,0.0312,0,723
T0001318,2608,0,0.031,0,724
T0000223,2608,0,0.0307,0,725
T0001209,2608,0,0.0301,0,726
T0000505,2608,0,0.0301,0,727
T0000877,2608,0,0.0298,0,728
T0001215,2608,0,0.0296,0,729
T0000954,2608,0,0.0294,0,730
T0001326,2608,0,0.0292,0,731
T0000370,2608,0,0.0292,0,732
T0000943,2608,0,0.0289,0,733
T0001024,2608,0,0.0289,0,734
T0000855,2608,0,0.0288,0,735
T0000124,2608,0,0.0288,0,736
T0001148,2608,0,0.0284,0,737
T0000379,2608,0,0.028,0,738
T0000718,2608,0,0.0279,0,739
T0000310,2608,0,0.0279,0,740
T0000698,2608,0,0.0279,0,741
T0001163,2608,0,0.0278,0,742
T0000960,2608,0,0.0277,0,743
T0000519,2608,0,0.0274,0,744
T0000438,2608,0,0.0273,0,745
T0000174,2608,0,0.0268,0,746
T0000895,2608,0,0.0267,0,747
T0000308,2608,0,0.0266,0,748
T0000899,2608,0,0.0265,0,749
T0000259,2608,0,0.0261,0,750
T0001267,2608,0,0.026,0,751
T0000190,2608,0,0.0257,0,752
T0000673,2608,0,0.0256,0,753
T0001120,2608,0,0.0254,0,754
T0001084,2608,1,0.0254,0,755
T0000600,2608,0,0.0254,0,756
T0000732,2608,0,0.0252,0,757
T0000759,2608,0,0.0252,0,758
T0000986,2608,0,0.0251,0,759
T0000093,2608,1,0.0251,0,760
T0000426,2608,0,0.0248,0,761
T0000591,2608,0,0.0248,0,762
T0001241,2608,1,0.0245,0,763
T0000775,2608,0,0.0243,0,764
T0000432,2608,0,0.0239,0,765
T0000373,2608,0,0.0239,0,766
T0001347,2608,0,0.0238,0,767
T0000249,2608,0,0.0236,0,768
T0000079,2608,0,0.0233,0,769
T0000311,2608,0,0.0232,0,770
T0000797,2608,0,0.0232,0,771
T0000123,2608,0,0.0224,0,772
T0000926,2608,0,0.0223,0,773
T0000351,2608,0,0.0221,0,774
T0000313,2608,0,0.0218,0,775
T0000382,2608,0,0.0217,0,776
T0000407,2608,0,0.0215,0,777
T0000709,2608,0,0.0215,0,778
T0000991,2608,0,0.0214,0,779
T0000625,2608,0,0.021,0,780
T0000908,2608,0,0.0208,0,781
T0000522,2608,0,0.0206,0,782
T0001271,2608,0,0.0206,0,783
T0000782,2608,0,0.0206,0,784
T0000533,2608,0,0.0201,0,785
T0000350,2608,0,0.0199,0,786
T0000215,2608,0,0.0197,0,787
T0001208,2608,0,0.019,0,788
T0001288,2608,0,0.0189,0,789
T0000854,2608,0,0.0188,0,790
T0000561,2608,0,0.0188,0,791
T0001220,2608,0,0.0186,0,792
T0001154,2608,0,0.0186,0,793
T0000043,2608,0,0.0186,0,794
T0000232,2608,0,0.0186,0,795
T0001136,2608,0,0.0186,0,796
T0000741,2608,0,0.0185,0,797
T0001315,2608,0,0.0184,0,798
T0000179,2608,0,0.018,0,799
T0000504,2608,0,0.0179,0,800
T0001399,2608,0,0.0179,0,801
T0000330,2608,0,0.0177,0,802
T0000814,2608,0,0.0175,0,803
T0000386,2608,0,0.0174,0,804
T0001091,2608,0,0.0173,0,805
T0001090,2608,0,0.0172,0,806
T0000580,2608,0,0.017,0,807
T0001299,2608,0,0.017,0,808
T0000617,2608,0,0.0168,0,809
T0001366,2608,0,0.0167,0,810
T0000554,2608,0,0.0165,0,811
T0001194,2608,0,0.0163,0,812
T0000111,2608,0,0.0162,0,813
T0000961,2608,0,0.016,0,814
T0000946,2608,0,0.0159,0,815
T0001281,2608,0,0.0157,0,816
T0000427,2608,0,0.0157,0,817
T0001381,2608,0,0.0152,0,818
T0000690,2608,0,0.0151,0,819
T0001000,2608,0,0.015,0,820
T0000896,2608,0,0.0149,0,821
T0000537,2608,0,0.0146,0,822
T0000750,2608,1,0.0145,0,823
T0000615,2608,0,0.0144,0,824
T0001139,2608,0,0.0144,0,825
T0000871,2608,0,0.0141,0,826
T0000921,2608,0,0.014,0,827
T0001222,2608,0,0.0137,0,828
T0000801,2608,0,0.0137,0,829
T0000705,2608,0,0.0136,0,830
T0001149,2608,0,0.0134,0,831
T0001227,2608,0,0.0131,0,832
T0000484,2608,0,0.0131,0,833
T0001283,2608,0,0.0131,0,834
T0000074,2608,1,0.013,0,835
T0000550,2608,0,0.0129,0,836
T0001243,2608,0,0.0129,0,837
T0000187,2608,0,0.0127,0,838
T0000869,2608,0,0.0126,0,839
T0001229,2608,0,0.0126,0,840
T0000996,2608,0,0.0126,0,841
T0000482,2608,0,0.0125,0,842
T0001199,2608,0,0.0125,0,843
T0000856,2608,0,0.0124,0,844
T0000831,2608,0,0.0122,0,845
T0000314,2608,0,0.0121,0,846
T0001216,2608,0,0.0119,0,847
T0000147,2608,0,0.0118,0,848
T0000081,2608,0,0.0117,0,849
T0000254,2608,0,0.0116,0,850
T0001348,2608,0,0.0116,0,851
T0000003,2608,0,0.0116,0,852
T0000172,2608,0,0.0116,0,853
T0000768,2608,0,0.0115,0,854
T0000968,2608,0,0.0115,0,855
T0001376,2608,0,0.0114,0,856
T0000334,2608,0,0.0113,0,857
T0000267,2608,0,0.0111,0,858
T0000651,2608,0,0.011,0,859
T0000680,2608,0,0.0109,0,860
T0000683,2608,0,0.0109,0,861
T0001338,2608,0,0.0108,0,862
T0000948,2608,0,0.0108,0,863
T0000118,2608,0,0.0108,0,864
T0000162,2608,0,0.0108,0,865
T0000238,2608,0,0.0107,0,866
T0001035,2608,0,0.0103,0,867
T0000197,2608,0,0.0103,0,868
T0000151,2608,0,0.0102,0,869
T0000963,2608,0,0.0102,0,870
T0000589,2608,0,0.0101,0,871
T0001180,2608,0,0.01,0,872
T0000786,2608,0,0.01,0,873
T0000933,2608,0,0.01,0,874
T0000821,2608,1,0.0099,0,875
T0000285,2608,0,0.0095,0,876
T0000016,2608,0,0.0095,0,877
T0000628,2608,0,0.0095,0,878
T0000188,2608,0,0.0095,0,879
T0000477,2608,1,0.0094,0,880
T0000904,2608,0,0.0094,0,881
T0001337,2608,0,0.0093,0,882
T0000089,2608,0,0.0093,0,883
T0001014,2608,0,0.0092,0,884
T0001382,2608,0,0.0091,0,885
T0001173,2608,0,0.009,0,886
T0000570,2608,0,0.009,0,887
T0000677,2608,0,0.009,0,888
T0001176,2608,0,0.0089,0,889
T0000193,2608,0,0.0089,0,890
T0001118,2608,0,0.0088,0,891
T0000553,2608,0,0.0087,0,892
T0000154,2608,0,0.0087,0,893
T0000045,2608,0,0.0087,0,894
T0001293,2608,0,0.0085,0,895
T0000956,2608,0,0.0085,0,896
T0001172,2608,0,0.0085,0,897
T0000376,2608,0,0.0085,0,898
T0001198,2608,0,0.0085,0,899
T0000974,2608,0,0.0083,0,900
T0000903,2608,0,0.0083,0,901
T0000445,2608,1,0.0083,0,902
T0000236,2608,0,0.0083,0,903
T0001224,2608,0,0.0083,0,904
T0000270,2608,0,0.0082,0,905
T0000859,2608,0,0.0079,0,906
T0001310,2608,0,0.0079,0,907
T0001390,2608,0,0.0078,0,908
T0000086,2608,1,0.0078,0,909
T0001101,2608,0,0.0078,0,910
T0001265,2608,0,0.0078,0,911
T0000964,2608,0,0.0077,0,912
T0001142,2608,0,0.0074,0,913
T0001207,2608,0,0.0074,0,914
T0000353,2608,0,0.0074,0,915
T0000109,2608,0,0.0073,0,916
T0000853,2608,0,0.0073,0,917
T0000486,2608,0,0.0073,0,918
T0000526,2608,0,0.0072,0,919
T0000846,2608,0,0.0072,0,920
T0001391,2608,0,0.0072,0,921
T0000970,2608,0,0.0072,0,922
T0001388,2608,0,0.0071,0,923
T0000002,2608,0,0.007,0,924
T0001017,2608,0,0.0069,0,925
T0000176,2608,0,0.0068,0,926
T0001327,2608,0,0.0068,0,927
T0000730,2608,0,0.0068,0,928
T0000465,2608,0,0.0067,0,929
T0001071,2608,0,0.0067,0,930
T0001026,2608,0,0.0067,0,931
T0000471,2608,0,0.0066,0,932
T0000638,2608,0,0.0066,0,933
T0000456,2608,0,0.0066,0,934
T0000125,2608,1,0.0065,0,935
T0001352,2608,0,0.0064,0,936
T0000143,2608,0,0.0064,0,937
T0001080,2608,0,0.0063,0,938
T0000866,2608,0,0.0063,0,939
T0001076,2608,0,0.0063,0,940
T0001232,2608,0,0.0062,0,941
T0000665,2608,0,0.0061,0,942
T0001103,2608,0,0.0061,0,943
T0001324,2608,0,0.0061,0,944
T0000420,2608,0,0.0059,0,945
T0000781,2608,0,0.0059,0,946
T0000186,2608,0,0.0059,0,947
T0000555,2608,0,0.0059,0,948
T0001095,2608,0,0.0059,0,949
T0000715,2608,0,0.0058,0,950
T0001039,2608,0,0.0058,0,951
T0000248,2608,0,0.0057,0,952
T0001339,2608,0,0.0057,0,953
T0000758,2608,0,0.0055,0,954
T0001213,2608,0,0.0054,0,955
T0000660,2608,0,0.0053,0,956
T0000501,2608,0,0.0053,0,957
T0000095,2608,0,0.0053,0,958
T0000736,2608,0,0.0052,0,959
T0001029,2608,0,0.0052,0,960
T0000012,2608,0,0.0052,0,961
T0000549,2608,0,0.0052,0,962
T0001167,2608,0,0.0052,0,963
T0000076,2608,0,0.0052,0,964
T0000361,2608,0,0.0051,0,965
T0001105,2608,0,0.005,0,966
T0001070,2608,0,0.005,0,967
T0000603,2608,0,0.005,0,968
T0000645,2608,0,0.0049,0,969
T0000945,2608,0,0.0049,0,970
T0000268,2608,0,0.0048,0,971
T0000881,2608,0,0.0047,0,972
T0000632,2608,0,0.0047,0,973
T0000900,2608,0,0.0046,0,974
T0001238,2608,0,0.0046,0,975
T0000719,2608,0,0.0046,0,976
T0000518,2608,0,0.0045,0,977
T0000326,2608,0,0.0045,0,978
T0000260,2608,0,0.0044,0,979
T0001358,2608,0,0.0044,0,980
T0000296,2608,0,0.0044,0,981
T0000322,2608,0,0.0043,0,982
T0000868,2608,0,0.0043,0,983
T0000366,2608,0,0.0043,0,984
T0000384,2608,0,0.0043,0,985
T0001396,2608,0,0.0042,0,986
T0000650,2608,0,0.0042,0,987
T0000808,2608,0,0.0042,0,988
T0001047,2608,0,0.0042,0,989
T0001277,2608,0,0.0041,0,990
T0000713,2608,0,0.0041,0,991
T0000849,2608,0,0.0041,0,992
T0000571,2608,0,0.0041,0,993
T0000520,2608,0,0.0041,0,994
T0001107,2608,0,0.0041,0,995
T0001006,2608,0,0.004,0,996
T0001032,2608,0,0.0039,0,997
T0001040,2608,0,0.0039,0,998
T0000358,2608,0,0.0039,0,999
T0000998,2608,0,0.0038,0,1000
T0000703,2608,0,0.0038,0,1001
T0000338,2608,0,0.0038,0,1002
T0000034,2608,0,0.0038,0,1003
T0000263,2608,0,0.0038,0,1004
T0001137,2608,0,0.0037,0,1005
T0000341,2608,0,0.0037,0,1006
T0000739,2608,0,0.0037,0,1007
T0000417,2608,0,0.0037,0,1008
T0001258,2608,0,0.0037,0,1009
T0000027,2608,0,0.0036,0,1010
T0000480,2608,0,0.0036,0,1011
T0000575,2608,0,0.0036,0,1012
T0000374,2608,0,0.0035,0,1013
T0000307,2608,0,0.0034,0,1014
T0000511,2608,0,0.0034,0,1015
T0001108,2608,0,0.0034,0,1016
T0001004,2608,0,0.0034,0,1017
T0000014,2608,0,0.0034,0,1018
T0000806,2608,0,0.0034,0,1019
T0000367,2608,0,0.0034,0,1020
T0001218,2608,0,0.0034,0,1021
T0001280,2608,0,0.0034,0,1022
T0001343,2608,0,0.0033,0,1023
T0000579,2608,0,0.0033,0,1024
T0000205,2608,0,0.0033,0,1025
T0000894,2608,0,0.0033,0,1026
T0000389,2608,0,0.0033,0,1027
T0000229,2608,0,0.0033,0,1028
T0001188,2608,0,0.0033,0,1029
T0000305,2608,0,0.0033,0,1030
T0000286,2608,0,0.0032,0,1031
T0000835,2608,0,0.0032,0,1032
T0000551,2608,0,0.0032,0,1033
T0000209,2608,0,0.0032,0,1034
T0000507,2608,0,0.0032,0,1035
T0000276,2608,0,0.0032,0,1036
T0001050,2608,0,0.0032,0,1037
T0000826,2608,0,0.0032,0,1038
T0001202,2608,0,0.0031,0,1039
T0000657,2608,0,0.0031,0,1040
T0000979,2608,0,0.0031,0,1041
T0001086,2608,0,0.003,0,1042
T0001115,2608,0,0.003,0,1043
T0000440,2608,0,0.003,0,1044
T0000593,2608,0,0.003,0,1045
T0000144,2608,0,0.003,0,1046
T0000811,2608,0,0.003,0,1047
T0001099,2608,0,0.003,0,1048
T0000091,2608,0,0.0029,0,1049
T0000019,2608,0,0.0029,0,1050
T0000712,2608,0,0.0029,0,1051
T0000621,2608,0,0.0029,0,1052
T0000240,2608,0,0.0029,0,1053
T0000463,2608,0,0.0029,0,1054
T0001369,2608,0,0.0029,0,1055
T0000838,2608,0,0.0029,0,1056
T0000649,2608,0,0.0028,0,1057
T0001085,2608,0,0.0028,0,1058
T0000495,2608,1,0.0028,0,1059
T0001219,2608,0,0.0028,0,1060
T0000595,2608,0,0.0028,0,1061
T0001217,2608,0,0.0028,0,1062
T0000033,2608,0,0.0027,0,1063
T0000039,2608,0,0.0027,0,1064
T0001392,2608,0,0.0027,0,1065
T0000556,2608,0,0.0027,0,1066
T0000858,2608,0,0.0027,0,1067
T0001162,2608,0,0.0027,0,1068
T0000891,2608,0,0.0026,0,1069
T0000067,2608,0,0.0026,0,1070
T0001060,2608,0,0.0026,0,1071
T0000795,2608,0,0.0026,0,1072
T0001061,2608,0,0.0026,0,1073
T0000642,2608,0,0.0026,0,1074
T0000156,2608,0,0.0026,0,1075
T0000923,2608,0,0.0026,0,1076
T0000682,2608,0,0.0025,0,1077
T0001257,2608,0,0.0025,0,1078
T0000261,2608,0,0.0025,0,1079
T0000217,2608,0,0.0025,0,1080
T0001087,2608,0,0.0025,0,1081
T0000135,2608,0,0.0025,0,1082
T0000679,2608,0,0.0024,0,1083
T0001009,2608,0,0.0024,0,1084
T0000082,2608,0,0.0024,0,1085
T0001100,2608,0,0.0024,0,1086
T0000692,2608,0,0.0024,0,1087
T0000839,2608,0,0.0024,0,1088
T0001245,2608,0,0.0023,0,1089
T0000159,2608,0,0.0023,0,1090
T0000369,2608,0,0.0023,0,1091
T0000803,2608,0,0.0023,0,1092
T0000007,2608,0,0.0023,0,1093
T0001011,2608,0,0.0023,0,1094
T0000827,2608,0,0.0023,0,1095
T0000911,2608,0,0.0023,0,1096
T0000158,2608,0,0.0023,0,1097
T0001083,2608,0,0.0022,0,1098
T0000054,2608,0,0.0022,0,1099
T0001160,2608,0,0.0022,0,1100
T0000725,2608,0,0.0022,0,1101
T0000339,2608,0,0.0022,0,1102
T0000710,2608,0,0.0021,0,1103
T0000028,2608,0,0.0021,0,1104
T0000936,2608,0,0.0021,0,1105
T0001177,2608,0,0.0021,0,1106
T0000173,2608,0,0.0021,0,1107
T0000335,2608,0,0.0021,0,1108
T0000371,2608,0,0.0021,0,1109
T0001274,2608,0,0.0021,0,1110
T0000062,2608,0,0.0021,0,1111
T0001161,2608,0,0.0021,0,1112
T0001270,2608,0,0.002,0,1113
T0000993,2608,0,0.002,0,1114
T0000653,2608,0,0.002,0,1115
T0000433,2608,0,0.002,0,1116
T0000646,2608,0,0.002,0,1117
T0001272,2608,0,0.002,0,1118
T0000315,2608,0,0.002,0,1119
T0001231,2608,0,0.002,0,1120
T0001007,2608,0,0.002,0,1121
T0001133,2608,0,0.002,0,1122
T0000664,2608,0,0.002,0,1123
T0000643,2608,0,0.002,0,1124
T0000531,2608,0,0.002,0,1125
T0000546,2608,0,0.002,0,1126
T0000748,2608,0,0.0019,0,1127
T0000385,2608,0,0.0019,0,1128
T0000137,2608,0,0.0019,0,1129
T0001228,2608,0,0.0019,0,1130
T0001109,2608,0,0.0019,0,1131
T0000756,2608,0,0.0019,0,1132
T0001078,2608,0,0.0019,0,1133
T0001130,2608,0,0.0019,0,1134
T0000513,2608,0,0.0019,0,1135
T0000807,2608,0,0.0019,0,1136
T0001138,2608,0,0.0019,0,1137
T0000889,2608,0,0.0019,0,1138
T0001345,2608,0,0.0018,0,1139
T0000394,2608,0,0.0018,0,1140
T0000262,2608,0,0.0018,0,1141
T0000278,2608,0,0.0018,0,1142
T0000412,2608,0,0.0018,0,1143
T0000388,2608,0,0.0018,0,1144
T0000320,2608,0,0.0018,0,1145
T0000930,2608,0,0.0018,0,1146
T0000117,2608,0,0.0018,0,1147
T0001063,2608,0,0.0018,0,1148
T0001316,2608,0,0.0018,0,1149
T0000166,2608,0,0.0018,0,1150
T0001048,2608,0,0.0018,0,1151
T0000509,2608,0,0.0018,0,1152
T0000879,2608,0,0.0017,0,1153
T0001237,2608,0,0.0017,0,1154
T0000153,2608,0,0.0017,0,1155
T0000275,2608,0,0.0017,0,1156
T0001362,2608,0,0.0017,0,1157
T0000723,2608,0,0.0017,0,1158
T0001276,2608,0,0.0017,0,1159
T0000155,2608,0,0.0017,0,1160
T0000056,2608,0,0.0017,0,1161
T0001038,2608,0,0.0017,0,1162
T0001003,2608,0,0.0017,0,1163
T0000669,2608,0,0.0016,0,1164
T0001002,2608,0,0.0016,0,1165
T0000594,2608,0,0.0016,0,1166
T0001062,2608,0,0.0016,0,1167
T0001143,2608,0,0.0016,0,1168
T0000982,2608,0,0.0016,0,1169
T0001152,2608,0,0.0016,0,1170
T0000532,2608,0,0.0016,0,1171
T0001165,2608,0,0.0016,0,1172
T0000535,2608,0,0.0016,0,1173
T0000850,2608,0,0.0016,0,1174
T0001191,2608,0,0.0016,0,1175
T0000602,2608,0,0.0016,0,1176
T0001359,2608,0,0.0016,0,1177
T0000446,2608,0,0.0016,0,1178
T0000360,2608,0,0.0016,0,1179
T0000291,2608,0,0.0015,0,1180
T0000711,2608,0,0.0015,0,1181
T0000612,2608,0,0.0015,0,1182
T0000051,2608,0,0.0015,0,1183
T0000861,2608,0,0.0015,0,1184
T0000309,2608,0,0.0015,0,1185
T0000717,2608,0,0.0015,0,1186
T0001205,2608,0,0.0015,0,1187
T0001305,2608,0,0.0015,0,1188
T0000108,2608,0,0.0015,0,1189
T0000490,2608,0,0.0015,0,1190
T0000863,2608,0,0.0015,0,1191
T0000940,2608,0,0.0015,0,1192
T0001043,2608,0,0.0015,0,1193
T0000221,2608,0,0.0015,0,1194
T0001125,2608,0,0.0015,0,1195
T0000020,2608,0,0.0015,0,1196
T0000413,2608,0,0.0015,0,1197
T0000767,2608,0,0.0015,0,1198
T0001255,2608,0,0.0015,0,1199
T0000210,2608,0,0.0015,0,1200
T0000231,2608,0,0.0014,0,1201
T0000735,2608,0,0.0014,0,1202
T0001292,2608,0,0.0014,0,1203
T0000455,2608,0,0.0014,0,1204
T0001254,2608,0,0.0014,0,1205
T0000678,2608,0,0.0014,0,1206
T0000224,2608,0,0.0014,0,1207
T0000164,2608,1,0.0014,0,1208
T0000512,2608,0,0.0014,0,1209
T0000208,2608,0,0.0014,0,1210
T0000243,2608,0,0.0014,0,1211
T0000640,2608,0,0.0014,0,1212
T0001379,2608,0,0.0014,0,1213
T0001204,2608,0,0.0014,0,1214
T0000995,2608,0,0.0014,0,1215
T0000699,2608,0,0.0014,0,1216
T0000294,2608,0,0.0013,0,1217
T0000047,2608,0,0.0013,0,1218
T0001178,2608,0,0.0013,0,1219
T0001294,2608,0,0.0013,0,1220
T0000021,2608,0,0.0013,0,1221
T0000559,2608,0,0.0013,0,1222
T0000216,2608,0,0.0013,0,1223
T0001230,2608,0,0.0013,0,1224
T0000684,2608,0,0.0013,0,1225
T0000860,2608,0,0.0013,0,1226
T0001112,2608,0,0.0013,0,1227
T0000288,2608,0,0.0013,0,1228
T0000457,2608,0,0.0013,0,1229
T0000947,2608,0,0.0013,0,1230
T0001380,2608,0,0.0013,0,1231
T0000312,2608,0,0.0013,0,1232
T0001127,2608,0,0.0013,0,1233
T0001328,2608,0,0.0013,0,1234
T0001250,2608,0,0.0013,0,1235
T0000048,2608,0,0.0013,0,1236
T0000577,2608,0,0.0012,0,1237
T0001395,2608,0,0.0012,0,1238
T0000592,2608,0,0.0012,0,1239
T0000794,2608,0,0.0012,0,1240
T0000468,2608,0,0.0012,0,1241
T0000582,2608,0,0.0012,0,1242
T0000405,2608,0,0.0012,0,1243
T0000167,2608,0,0.0012,0,1244
T0000214,2608,0,0.0012,0,1245
T0000567,2608,0,0.0012,0,1246
T0001093,2608,0,0.0012,0,1247
T0000540,2608,0,0.0012,0,1248
T0000906,2608,0,0.0012,0,1249
T0000300,2608,0,0.0012,0,1250
T0000064,2608,0,0.0012,0,1251
T0000290,2608,0,0.0012,0,1252
T0000543,2608,0,0.0012,0,1253
T0000873,2608,0,0.0012,0,1254
T0000842,2608,0,0.0012,0,1255
T0001069,2608,0,0.0012,0,1256
T0001289,2608,0,0.0012,0,1257
T0001184,2608,0,0.0012,0,1258
T0001097,2608,0,0.0012,0,1259
T0001373,2608,0,0.0012,0,1260
T0000069,2608,0,0.0012,0,1261
T0000788,2608,0,0.0011,0,1262
T0000746,2608,0,0.0011,0,1263
T0001129,2608,0,0.0011,0,1264
T0001303,2608,0,0.0011,0,1265
T0000607,2608,0,0.0011,0,1266
T0001072,2608,0,0.0011,0,1267
T0000972,2608,0,0.0011,0,1268
T0000115,2608,0,0.0011,0,1269
T0001121,2608,0,0.0011,0,1270
T0001320,2608,0,0.0011,0,1271
T0000708,2608,0,0.0011,0,1272
T0001261,2608,0,0.0011,0,1273
T0000754,2608,0,0.0011,0,1274
T0000629,2608,0,0.0011,0,1275
T0000897,2608,0,0.0011,0,1276
T0001264,2608,0,0.0011,0,1277
T0000734,2608,0,0.0011,0,1278
T0000641,2608,0,0.0011,0,1279
T0000304,2608,0,0.0011,0,1280
T0000624,2608,0,0.001,0,1281
T0000046,2608,0,0.001,0,1282
T0000833,2608,0,0.001,0,1283
T0000331,2608,0,0.001,0,1284
T0000458,2608,0,0.001,0,1285
T0000493,2608,0,0.001,0,1286
T0000737,2608,0,0.001,0,1287
T0000634,2608,0,0.001,0,1288
T0000180,2608,0,0.001,0,1289
T0000340,2608,0,0.001,0,1290
T0000771,2608,0,0.001,0,1291
T0000919,2608,0,0.001,0,1292
T0000841,2608,0,0.001,0,1293
T0000975,2608,0,0.001,0,1294
T0000778,2608,0,0.001,0,1295
T0000779,2608,0,0.001,0,1296
T0000770,2608,0,0.001,0,1297
T0001110,2608,0,0.001,0,1298
T0001181,2608,0,0.001,0,1299
T0000547,2608,0,0.001,0,1300
T0000406,2608,0,0.001,0,1301
T0000724,2608,0,0.0009,0,1302
T0000610,2608,0,0.0009,0,1303
T0000828,2608,0,0.0009,0,1304
T0000323,2608,0,0.0009,0,1305
T0000200,2608,0,0.0009,0,1306
T0000265,2608,0,0.0009,0,1307
T0000473,2608,0,0.0009,0,1308
T0000241,2608,0,0.0009,0,1309
T0000688,2608,0,0.0009,0,1310
T0000057,2608,0,0.0009,0,1311
T0000466,2608,0,0.0009,0,1312
T0000346,2608,0,0.0009,0,1313
T0001185,2608,0,0.0009,0,1314
T0000609,2608,0,0.0009,0,1315
T0000439,2608,0,0.0009,0,1316
T0000099,2608,0,0.0009,0,1317
T0000437,2608,0,0.0009,0,1318
T0000747,2608,0,0.0009,0,1319
T0000247,2608,0,0.0009,0,1320
T0000865,2608,0,0.0008,0,1321
T0000929,2608,0,0.0008,0,1322
T0001197,2608,0,0.0008,0,1323
T0000935,2608,0,0.0008,0,1324
T0001247,2608,0,0.0008,0,1325
T0000084,2608,0,0.0008,0,1326
T0001068,2608,0,0.0008,0,1327
T0000542,2608,0,0.0008,0,1328
T0000398,2608,0,0.0008,0,1329
T0000258,2608,0,0.0007,0,1330
T0000250,2608,0,0.0007,0,1331
T0001319,2608,0,0.0007,0,1332
T0000356,2608,0,0.0007,0,1333
T0000631,2608,0,0.0007,0,1334
T0000104,2608,0,0.0007,0,1335
T0001353,2608,0,0.0006,0,1336
T0001378,2608,0,0.0006,0,1337
T0000274,2608,0,0.0005,0,1338
T0000774,2608,0,0.0005,0,1339
T0000934,2608,0,0.0005,0,1340
